{
  "result_match_rate": 0.0,
  "precision": 0.0,
  "recall": 0.0,
  "f1_score": 0.0,
  "code_correctness": 0.85,
  "response_time": 9.131540083885193,
  "tokens_used": 650.15,
  "total_tokens": 13003,
  "total_time": 182.63080167770386,
  "avg_tokens_per_sample": 650.15,
  "avg_time_per_sample": 9.131540083885193
}