{
  "fine_tuned_rag": {
    "total_queries": 20,
    "successful_queries": 9,
    "success_rate": 0.45,
    "avg_precision": 0.24932997843958496,
    "avg_recall": 0.6273148148148148,
    "avg_f1_score": 0.2998824207340937,
    "avg_exact_match": 0.1111111111111111,
    "avg_result_match_rate": 0.24932997843958496
  }
}